"GEONR";"GEONAME";"CLASS_HAB";"VARIABLE";"VALUE";"STATUS"
"CH";"Schweiz / Suisse";;"pop2019";8606033;"A"
"CH";"Schweiz / Suisse";;"pop2009";7785806;"A"
"CH";"Schweiz / Suisse";;"vpop_0919";10.5;"A"
"CH";"Schweiz / Suisse";;"dens_pop_19";2;"A"
"CH";"Schweiz / Suisse";;"pop2000";7288010;"A"
"CH";"Schweiz / Suisse";;"pop1990";6873687;"A"
"CH";"Schweiz / Suisse";;"pop1980";6365960;"A"
"CH";"Schweiz / Suisse";;"pop1970";6269783;"A"
"CH";"Schweiz / Suisse";;"pop1930";4066400;"A"
"2701";"Basel";6;"pop2019";173232;"A"
"2701";"Basel";6;"pop2009";166173;"A"
"2701";"Basel";6;"vpop_0919";4.2;"A"
"2701";"Basel";6;"dens_pop_19";73;"A"
"2701";"Basel";6;"pop2000";166558;"A"
"2701";"Basel";6;"pop1990";178428;"A"
"2701";"Basel";6;"pop1980";182143;"A"
"2701";"Basel";6;"pop1970";212857;"A"
"2701";"Basel";6;"pop1930";148063;"A"
"351";"Bern";6;"pop2019";134591;"A"
"351";"Bern";6;"pop2009";123466;"A"
"351";"Bern";6;"vpop_0919";9;"A"
"351";"Bern";6;"dens_pop_19";26;"A"
"351";"Bern";6;"pop2000";128634;"A"
"351";"Bern";6;"pop1990";136338;"A"
"351";"Bern";6;"pop1980";145254;"A"
"351";"Bern";6;"pop1970";162405;"A"
"351";"Bern";6;"pop1930";111783;"A"
"6621";"Genève";6;"pop2019";203951;"A"
"6621";"Genève";6;"pop2009";185958;"A"
"6621";"Genève";6;"vpop_0919";9.7;"A"
"6621";"Genève";6;"dens_pop_19";128;"A"
"6621";"Genève";6;"pop2000";177964;"A"
"6621";"Genève";6;"pop1990";171042;"A"
"6621";"Genève";6;"pop1980";156505;"A"
"6621";"Genève";6;"pop1970";173618;"A"
"6621";"Genève";6;"pop1930";124121;"A"
"5586";"Lausanne";6;"pop2019";139408;"A"
"5586";"Lausanne";6;"pop2009";125885;"A"
"5586";"Lausanne";6;"vpop_0919";10.7;"A"
"5586";"Lausanne";6;"dens_pop_19";34;"A"
"5586";"Lausanne";6;"pop2000";124914;"A"
"5586";"Lausanne";6;"pop1990";128112;"A"
"5586";"Lausanne";6;"pop1980";127349;"A"
"5586";"Lausanne";6;"pop1970";137383;"A"
"5586";"Lausanne";6;"pop1930";75915;"A"
"230";"Winterthur";6;"pop2019";113173;"A"
"230";"Winterthur";6;"pop2009";99377;"A"
"230";"Winterthur";6;"vpop_0919";13.9;"A"
"230";"Winterthur";6;"dens_pop_19";17;"A"
"230";"Winterthur";6;"pop2000";90483;"A"
"230";"Winterthur";6;"pop1990";86959;"A"
"230";"Winterthur";6;"pop1980";86758;"A"
"230";"Winterthur";6;"pop1970";92722;"A"
"230";"Winterthur";6;"pop1930";53925;"A"
"261";"Zürich";6;"pop2019";420217;"A"
"261";"Zürich";6;"pop2009";368677;"A"
"261";"Zürich";6;"vpop_0919";14;"A"
"261";"Zürich";6;"dens_pop_19";48;"A"
"261";"Zürich";6;"pop2000";363273;"A"
"261";"Zürich";6;"pop1990";365043;"A"
"261";"Zürich";6;"pop1980";369522;"A"
"261";"Zürich";6;"pop1970";422640;"A"
"261";"Zürich";6;"pop1930";290937;"A"
"371";"Biel/Bienne";5;"pop2019";55602;"A"
"371";"Biel/Bienne";5;"pop2009";50455;"A"
"371";"Biel/Bienne";5;"vpop_0919";10.2;"A"
"371";"Biel/Bienne";5;"dens_pop_19";26;"A"
"371";"Biel/Bienne";5;"pop2000";48655;"A"
"371";"Biel/Bienne";5;"pop1990";51893;"A"
"371";"Biel/Bienne";5;"pop1980";53793;"A"
"371";"Biel/Bienne";5;"pop1970";64333;"A"
"371";"Biel/Bienne";5;"pop1930";37726;"A"
"5192";"Lugano";5;"pop2019";62615;"A"
"5192";"Lugano";5;"pop2009";60617;"A"
"5192";"Lugano";5;"vpop_0919";3.3;"A"
"5192";"Lugano";5;"dens_pop_19";8;"A"
"5192";"Lugano";5;"pop2000";55751;"A"
"5192";"Lugano";5;"pop1990";50423;"A"
"5192";"Lugano";5;"pop1980";48784;"A"
"5192";"Lugano";5;"pop1970";44342;"A"
"5192";"Lugano";5;"pop1930";26290;"A"
"1061";"Luzern";5;"pop2019";82257;"A"
"1061";"Luzern";5;"pop2009";76733;"A"
"1061";"Luzern";5;"vpop_0919";7.2;"A"
"1061";"Luzern";5;"dens_pop_19";28;"A"
"1061";"Luzern";5;"pop2000";75425;"A"
"1061";"Luzern";5;"pop1990";76466;"A"
"1061";"Luzern";5;"pop1980";78274;"A"
"1061";"Luzern";5;"pop1970";83374;"A"
"1061";"Luzern";5;"pop1930";52102;"A"
"3203";"St. Gallen";5;"pop2019";76090;"A"
"3203";"St. Gallen";5;"pop2009";72642;"A"
"3203";"St. Gallen";5;"vpop_0919";4.7;"A"
"3203";"St. Gallen";5;"dens_pop_19";19;"A"
"3203";"St. Gallen";5;"pop2000";72626;"A"
"3203";"St. Gallen";5;"pop1990";75237;"A"
"3203";"St. Gallen";5;"pop1980";75847;"A"
"3203";"St. Gallen";5;"pop1970";80852;"A"
"3203";"St. Gallen";5;"pop1930";63947;"A"
"4001";"Aarau";4;"pop2019";21773;"A"
"4001";"Aarau";4;"pop2009";19289;"A"
"4001";"Aarau";4;"vpop_0919";12.9;"A"
"4001";"Aarau";4;"dens_pop_19";18;"A"
"4001";"Aarau";4;"pop2000";18122;"A"
"4001";"Aarau";4;"pop1990";18872;"A"
"4001";"Aarau";4;"pop1980";17971;"A"
"4001";"Aarau";4;"pop1970";19340;"A"
"4001";"Aarau";4;"pop1930";12616;"A"
"2762";"Allschwil";4;"pop2019";21090;"A"
"2762";"Allschwil";4;"pop2009";19088;"A"
"2762";"Allschwil";4;"vpop_0919";10.5;"A"
"2762";"Allschwil";4;"dens_pop_19";24;"A"
"2762";"Allschwil";4;"pop2000";18131;"A"
"2762";"Allschwil";4;"pop1990";18802;"A"
"2762";"Allschwil";4;"pop1980";17952;"A"
"2762";"Allschwil";4;"pop1970";17638;"A"
"2762";"Allschwil";4;"pop1930";7157;"A"
"1701";"Baar";4;"pop2019";24617;"A"
"1701";"Baar";4;"pop2009";21586;"A"
"1701";"Baar";4;"vpop_0919";14;"A"
"1701";"Baar";4;"dens_pop_19";10;"A"
"1701";"Baar";4;"pop2000";19407;"A"
"1701";"Baar";4;"pop1990";16147;"A"
"1701";"Baar";4;"pop1980";15196;"A"
"1701";"Baar";4;"pop1970";14074;"A"
"1701";"Baar";4;"pop1930";5889;"A"
"5002";"Bellinzona";4;"pop2019";43279;"A"
"5002";"Bellinzona";4;"pop2009";40129;"A"
"5002";"Bellinzona";4;"vpop_0919";7.8;"A"
"5002";"Bellinzona";4;"dens_pop_19";3;"A"
"5002";"Bellinzona";4;"pop2000";36089;"A"
"5002";"Bellinzona";4;"pop1990";33546;"A"
"5002";"Bellinzona";4;"pop1980";32106;"A"
"5002";"Bellinzona";4;"pop1970";29963;"A"
"5002";"Bellinzona";4;"pop1930";18450;"A"
"53";"Bülach";4;"pop2019";21372;"A"
"53";"Bülach";4;"pop2009";16956;"A"
"53";"Bülach";4;"vpop_0919";26;"A"
"53";"Bülach";4;"dens_pop_19";13;"A"
"53";"Bülach";4;"pop2000";13999;"A"
"53";"Bülach";4;"pop1990";13472;"A"
"53";"Bülach";4;"pop1980";12292;"A"
"53";"Bülach";4;"pop1970";11043;"A"
"53";"Bülach";4;"pop1930";3569;"A"
"2125";"Bulle";4;"pop2019";23871;"A"
"2125";"Bulle";4;"pop2009";18024;"A"
"2125";"Bulle";4;"vpop_0919";32.4;"A"
"2125";"Bulle";4;"dens_pop_19";10;"A"
"2125";"Bulle";4;"pop2000";14452;"A"
"2125";"Bulle";4;"pop1990";11986;"A"
"2125";"Bulle";4;"pop1980";10001;"A"
"2125";"Bulle";4;"pop1970";10031;"A"
"2125";"Bulle";4;"pop1930";5630;"A"
"6608";"Carouge (GE)";4;"pop2019";22621;"A"
"6608";"Carouge (GE)";4;"pop2009";20071;"A"
"6608";"Carouge (GE)";4;"vpop_0919";12.7;"A"
"6608";"Carouge (GE)";4;"dens_pop_19";84;"A"
"6608";"Carouge (GE)";4;"pop2000";17590;"A"
"6608";"Carouge (GE)";4;"pop1990";15036;"A"
"6608";"Carouge (GE)";4;"pop1980";13100;"A"
"6608";"Carouge (GE)";4;"pop1970";14055;"A"
"6608";"Carouge (GE)";4;"pop1930";8035;"A"
"3901";"Chur";4;"pop2019";35992;"A"
"3901";"Chur";4;"pop2009";33878;"A"
"3901";"Chur";4;"vpop_0919";6.2;"A"
"3901";"Chur";4;"dens_pop_19";10;"A"
"3901";"Chur";4;"pop2000";33495;"A"
"3901";"Chur";4;"pop1990";33381;"A"
"3901";"Chur";4;"pop1980";32495;"A"
"3901";"Chur";4;"pop1970";31647;"A"
"3901";"Chur";4;"pop1930";15981;"A"
"243";"Dietikon";4;"pop2019";27746;"A"
"243";"Dietikon";4;"pop2009";23196;"A"
"243";"Dietikon";4;"vpop_0919";19.6;"A"
"243";"Dietikon";4;"dens_pop_19";30;"A"
"243";"Dietikon";4;"pop2000";21353;"A"
"243";"Dietikon";4;"pop1990";21152;"A"
"243";"Dietikon";4;"pop1980";21765;"A"
"243";"Dietikon";4;"pop1970";22705;"A"
"243";"Dietikon";4;"pop1930";6487;"A"
"191";"Dübendorf";4;"pop2019";29303;"A"
"191";"Dübendorf";4;"pop2009";24414;"A"
"191";"Dübendorf";4;"vpop_0919";20;"A"
"191";"Dübendorf";4;"dens_pop_19";22;"A"
"191";"Dübendorf";4;"pop2000";22216;"A"
"191";"Dübendorf";4;"pop1990";21106;"A"
"191";"Dübendorf";4;"pop1980";20683;"A"
"191";"Dübendorf";4;"pop1970";19639;"A"
"191";"Dübendorf";4;"pop1930";4479;"A"
"1024";"Emmen";4;"pop2019";31043;"A"
"1024";"Emmen";4;"pop2009";27850;"A"
"1024";"Emmen";4;"vpop_0919";11.5;"A"
"1024";"Emmen";4;"dens_pop_19";15;"A"
"1024";"Emmen";4;"pop2000";26885;"A"
"1024";"Emmen";4;"pop1990";25407;"A"
"1024";"Emmen";4;"pop1980";22392;"A"
"1024";"Emmen";4;"pop1970";22040;"A"
"1024";"Emmen";4;"pop1930";7905;"A"
"4566";"Frauenfeld";4;"pop2019";25781;"A"
"4566";"Frauenfeld";4;"pop2009";22931;"A"
"4566";"Frauenfeld";4;"vpop_0919";12.4;"A"
"4566";"Frauenfeld";4;"dens_pop_19";9;"A"
"4566";"Frauenfeld";4;"pop2000";21954;"A"
"4566";"Frauenfeld";4;"pop1990";20577;"A"
"4566";"Frauenfeld";4;"pop1980";18883;"A"
"4566";"Frauenfeld";4;"pop1970";17792;"A"
"4566";"Frauenfeld";4;"pop1930";8989;"A"
"2196";"Fribourg";4;"pop2019";38197;"A"
"2196";"Fribourg";4;"pop2009";34490;"A"
"2196";"Fribourg";4;"vpop_0919";10.7;"A"
"2196";"Fribourg";4;"dens_pop_19";41;"A"
"2196";"Fribourg";4;"pop2000";35547;"A"
"2196";"Fribourg";4;"pop1990";36355;"A"
"2196";"Fribourg";4;"pop1980";37400;"A"
"2196";"Fribourg";4;"pop1970";39695;"A"
"2196";"Fribourg";4;"pop1930";21557;"A"
"295";"Horgen";4;"pop2019";22992;"A"
"295";"Horgen";4;"pop2009";20550;"A"
"295";"Horgen";4;"vpop_0919";11.9;"A"
"295";"Horgen";4;"dens_pop_19";7;"A"
"295";"Horgen";4;"pop2000";19332;"A"
"295";"Horgen";4;"pop1990";18224;"A"
"295";"Horgen";4;"pop1980";17932;"A"
"295";"Horgen";4;"pop1970";16880;"A"
"295";"Horgen";4;"pop1930";10444;"A"
"62";"Kloten";4;"pop2019";20130;"A"
"62";"Kloten";4;"pop2009";17924;"A"
"62";"Kloten";4;"vpop_0919";12.3;"A"
"62";"Kloten";4;"dens_pop_19";10;"A"
"62";"Kloten";4;"pop2000";17190;"A"
"62";"Kloten";4;"pop1990";16148;"A"
"62";"Kloten";4;"pop1980";15845;"A"
"62";"Kloten";4;"pop1970";16388;"A"
"62";"Kloten";4;"pop1930";1818;"A"
"355";"Köniz";4;"pop2019";42044;"A"
"355";"Köniz";4;"pop2009";38261;"A"
"355";"Köniz";4;"vpop_0919";9.9;"A"
"355";"Köniz";4;"dens_pop_19";8;"A"
"355";"Köniz";4;"pop2000";37782;"A"
"355";"Köniz";4;"pop1990";37309;"A"
"355";"Köniz";4;"pop1980";33441;"A"
"355";"Köniz";4;"pop1970";32505;"A"
"355";"Köniz";4;"pop1930";10987;"A"
"4671";"Kreuzlingen";4;"pop2019";22188;"A"
"4671";"Kreuzlingen";4;"pop2009";19066;"A"
"4671";"Kreuzlingen";4;"vpop_0919";16.4;"A"
"4671";"Kreuzlingen";4;"dens_pop_19";19;"A"
"4671";"Kreuzlingen";4;"pop2000";17118;"A"
"4671";"Kreuzlingen";4;"pop1990";17239;"A"
"4671";"Kreuzlingen";4;"pop1980";16101;"A"
"4671";"Kreuzlingen";4;"pop1970";15760;"A"
"4671";"Kreuzlingen";4;"pop1930";8615;"A"
"1059";"Kriens";4;"pop2019";27847;"A"
"1059";"Kriens";4;"pop2009";26211;"A"
"1059";"Kriens";4;"vpop_0919";6.2;"A"
"1059";"Kriens";4;"dens_pop_19";10;"A"
"1059";"Kriens";4;"pop2000";24742;"A"
"1059";"Kriens";4;"pop1990";23079;"A"
"1059";"Kriens";4;"pop1980";21097;"A"
"1059";"Kriens";4;"pop1970";20409;"A"
"1059";"Kriens";4;"pop1930";7424;"A"
"6421";"La Chaux-de-Fonds";4;"pop2019";37494;"A"
"6421";"La Chaux-de-Fonds";4;"pop2009";37413;"A"
"6421";"La Chaux-de-Fonds";4;"vpop_0919";0.2;"A"
"6421";"La Chaux-de-Fonds";4;"dens_pop_19";7;"A"
"6421";"La Chaux-de-Fonds";4;"pop2000";37016;"A"
"6421";"La Chaux-de-Fonds";4;"pop1990";36894;"A"
"6421";"La Chaux-de-Fonds";4;"pop1980";37234;"A"
"6421";"La Chaux-de-Fonds";4;"pop1970";42347;"A"
"6421";"La Chaux-de-Fonds";4;"pop1930";35252;"A"
"6628";"Lancy";4;"pop2019";33377;"A"
"6628";"Lancy";4;"pop2009";28389;"A"
"6628";"Lancy";4;"vpop_0919";17.6;"A"
"6628";"Lancy";4;"dens_pop_19";70;"A"
"6628";"Lancy";4;"pop2000";25688;"A"
"6628";"Lancy";4;"pop1990";22960;"A"
"6628";"Lancy";4;"pop1980";23527;"A"
"6628";"Lancy";4;"pop1970";20523;"A"
"6628";"Lancy";4;"pop1930";4433;"A"
"6630";"Meyrin";4;"pop2019";25745;"A"
"6630";"Meyrin";4;"pop2009";21333;"A"
"6630";"Meyrin";4;"vpop_0919";20.7;"A"
"6630";"Meyrin";4;"dens_pop_19";26;"A"
"6630";"Meyrin";4;"pop2000";19548;"A"
"6630";"Meyrin";4;"pop1990";19519;"A"
"6630";"Meyrin";4;"pop1980";18808;"A"
"6630";"Meyrin";4;"pop1970";14255;"A"
"6630";"Meyrin";4;"pop1930";1709;"A"
"5886";"Montreux";4;"pop2019";25984;"A"
"5886";"Montreux";4;"pop2009";24771;"A"
"5886";"Montreux";4;"vpop_0919";4.9;"A"
"5886";"Montreux";4;"dens_pop_19";8;"A"
"5886";"Montreux";4;"pop2000";22454;"A"
"5886";"Montreux";4;"pop1990";22917;"A"
"5886";"Montreux";4;"pop1980";19685;"A"
"5886";"Montreux";4;"pop1970";20421;"A"
"5886";"Montreux";4;"pop1930";17662;"A"
"6458";"Neuchâtel";4;"pop2019";33493;"A"
"6458";"Neuchâtel";4;"pop2009";32770;"A"
"6458";"Neuchâtel";4;"vpop_0919";2.2;"A"
"6458";"Neuchâtel";4;"dens_pop_19";19;"A"
"6458";"Neuchâtel";4;"pop2000";32914;"A"
"6458";"Neuchâtel";4;"pop1990";33579;"A"
"6458";"Neuchâtel";4;"pop1980";34428;"A"
"6458";"Neuchâtel";4;"pop1970";38784;"A"
"6458";"Neuchâtel";4;"pop1930";22668;"A"
"5724";"Nyon";4;"pop2019";21452;"A"
"5724";"Nyon";4;"pop2009";18469;"A"
"5724";"Nyon";4;"vpop_0919";16.2;"A"
"5724";"Nyon";4;"dens_pop_19";32;"A"
"5724";"Nyon";4;"pop2000";16182;"A"
"5724";"Nyon";4;"pop1990";14747;"A"
"5724";"Nyon";4;"pop1980";12842;"A"
"5724";"Nyon";4;"pop1970";11424;"A"
"5724";"Nyon";4;"pop1930";5107;"A"
"66";"Opfikon";4;"pop2019";21014;"A"
"66";"Opfikon";4;"pop2009";15256;"A"
"66";"Opfikon";4;"vpop_0919";37.7;"A"
"66";"Opfikon";4;"dens_pop_19";38;"A"
"66";"Opfikon";4;"pop2000";12062;"A"
"66";"Opfikon";4;"pop1990";11872;"A"
"66";"Opfikon";4;"pop1980";11444;"A"
"66";"Opfikon";4;"pop1970";11115;"A"
"66";"Opfikon";4;"pop1930";1268;"A"
"3340";"Rapperswil-Jona";4;"pop2019";27277;"A"
"3340";"Rapperswil-Jona";4;"pop2009";26177;"A"
"3340";"Rapperswil-Jona";4;"vpop_0919";4.2;"A"
"3340";"Rapperswil-Jona";4;"dens_pop_19";12;"A"
"3340";"Rapperswil-Jona";4;"pop2000";24368;"A"
"3340";"Rapperswil-Jona";4;"pop1990";22727;"A"
"3340";"Rapperswil-Jona";4;"pop1980";19982;"A"
"3340";"Rapperswil-Jona";4;"pop1970";17999;"A"
"3340";"Rapperswil-Jona";4;"pop1930";7926;"A"
"5591";"Renens (VD)";4;"pop2019";20886;"A"
"5591";"Renens (VD)";4;"pop2009";19169;"A"
"5591";"Renens (VD)";4;"vpop_0919";9;"A"
"5591";"Renens (VD)";4;"dens_pop_19";71;"A"
"5591";"Renens (VD)";4;"pop2000";18406;"A"
"5591";"Renens (VD)";4;"pop1990";18109;"A"
"5591";"Renens (VD)";4;"pop1980";16977;"A"
"5591";"Renens (VD)";4;"pop1970";17391;"A"
"5591";"Renens (VD)";4;"pop1930";4396;"A"
"2703";"Riehen";4;"pop2019";21449;"A"
"2703";"Riehen";4;"pop2009";20539;"A"
"2703";"Riehen";4;"vpop_0919";4.4;"A"
"2703";"Riehen";4;"dens_pop_19";20;"A"
"2703";"Riehen";4;"pop2000";20370;"A"
"2703";"Riehen";4;"pop1990";19914;"A"
"2703";"Riehen";4;"pop1980";20611;"A"
"2703";"Riehen";4;"pop1970";21026;"A"
"2703";"Riehen";4;"pop1930";6393;"A"
"2939";"Schaffhausen";4;"pop2019";36604;"A"
"2939";"Schaffhausen";4;"pop2009";34564;"A"
"2939";"Schaffhausen";4;"vpop_0919";5.9;"A"
"2939";"Schaffhausen";4;"dens_pop_19";9;"A"
"2939";"Schaffhausen";4;"pop2000";34141;"A"
"2939";"Schaffhausen";4;"pop1990";34699;"A"
"2939";"Schaffhausen";4;"pop1980";34693;"A"
"2939";"Schaffhausen";4;"pop1970";37396;"A"
"2939";"Schaffhausen";4;"pop1930";23603;"A"
"6266";"Sion";4;"pop2019";34710;"A"
"6266";"Sion";4;"pop2009";31036;"A"
"6266";"Sion";4;"vpop_0919";11.8;"A"
"6266";"Sion";4;"dens_pop_19";10;"A"
"6266";"Sion";4;"pop2000";28324;"A"
"6266";"Sion";4;"pop1990";26340;"A"
"6266";"Sion";4;"pop1980";23775;"A"
"6266";"Sion";4;"pop1970";22677;"A"
"6266";"Sion";4;"pop1930";9470;"A"
"942";"Thun";4;"pop2019";43632;"A"
"942";"Thun";4;"pop2009";42330;"A"
"942";"Thun";4;"vpop_0919";3.1;"A"
"942";"Thun";4;"dens_pop_19";20;"A"
"942";"Thun";4;"pop2000";40377;"A"
"942";"Thun";4;"pop1990";38211;"A"
"942";"Thun";4;"pop1980";36891;"A"
"942";"Thun";4;"pop1970";36523;"A"
"942";"Thun";4;"pop1930";16524;"A"
"198";"Uster";4;"pop2019";35007;"A"
"198";"Uster";4;"pop2009";31954;"A"
"198";"Uster";4;"vpop_0919";9.6;"A"
"198";"Uster";4;"dens_pop_19";12;"A"
"198";"Uster";4;"pop2000";28571;"A"
"198";"Uster";4;"pop1990";25182;"A"
"198";"Uster";4;"pop1980";23702;"A"
"198";"Uster";4;"pop1970";21819;"A"
"198";"Uster";4;"pop1930";9660;"A"
"6643";"Vernier";4;"pop2019";34958;"A"
"6643";"Vernier";4;"pop2009";32374;"A"
"6643";"Vernier";4;"vpop_0919";8;"A"
"6643";"Vernier";4;"dens_pop_19";45;"A"
"6643";"Vernier";4;"pop2000";29559;"A"
"6643";"Vernier";4;"pop1990";28482;"A"
"6643";"Vernier";4;"pop1980";27962;"A"
"6643";"Vernier";4;"pop1970";22230;"A"
"6643";"Vernier";4;"pop1930";2880;"A"
"293";"Wädenswil";4;"pop2019";24624;"A"
"293";"Wädenswil";4;"pop2009";22953;"A"
"293";"Wädenswil";4;"vpop_0919";7.3;"A"
"293";"Wädenswil";4;"dens_pop_19";7;"A"
"293";"Wädenswil";4;"pop2000";22124;"A"
"293";"Wädenswil";4;"pop1990";21860;"A"
"293";"Wädenswil";4;"pop1980";20453;"A"
"293";"Wädenswil";4;"pop1970";17655;"A"
"293";"Wädenswil";4;"pop1930";11206;"A"
"4045";"Wettingen";4;"pop2019";20934;"A"
"4045";"Wettingen";4;"pop2009";19599;"A"
"4045";"Wettingen";4;"vpop_0919";6.8;"A"
"4045";"Wettingen";4;"dens_pop_19";20;"A"
"4045";"Wettingen";4;"pop2000";17870;"A"
"4045";"Wettingen";4;"pop1990";17706;"A"
"4045";"Wettingen";4;"pop1980";18377;"A"
"4045";"Wettingen";4;"pop1970";19900;"A"
"4045";"Wettingen";4;"pop1930";8505;"A"
"121";"Wetzikon (ZH)";4;"pop2019";24990;"A"
"121";"Wetzikon (ZH)";4;"pop2009";21586;"A"
"121";"Wetzikon (ZH)";4;"vpop_0919";15.8;"A"
"121";"Wetzikon (ZH)";4;"dens_pop_19";15;"A"
"121";"Wetzikon (ZH)";4;"pop2000";18129;"A"
"121";"Wetzikon (ZH)";4;"pop1990";16696;"A"
"121";"Wetzikon (ZH)";4;"pop1980";15859;"A"
"121";"Wetzikon (ZH)";4;"pop1970";13469;"A"
"121";"Wetzikon (ZH)";4;"pop1930";6904;"A"
"3427";"Wil (SG)";4;"pop2019";24159;"A"
"3427";"Wil (SG)";4;"pop2009";22273;"A"
"3427";"Wil (SG)";4;"vpop_0919";8.5;"A"
"3427";"Wil (SG)";4;"dens_pop_19";12;"A"
"3427";"Wil (SG)";4;"pop2000";20689;"A"
"3427";"Wil (SG)";4;"pop1990";20490;"A"
"3427";"Wil (SG)";4;"pop1980";19600;"A"
"3427";"Wil (SG)";4;"pop1970";16954;"A"
"3427";"Wil (SG)";4;"pop1930";8908;"A"
"5938";"Yverdon-les-Bains";4;"pop2019";30156;"A"
"5938";"Yverdon-les-Bains";4;"pop2009";26776;"A"
"5938";"Yverdon-les-Bains";4;"vpop_0919";12.6;"A"
"5938";"Yverdon-les-Bains";4;"dens_pop_19";22;"A"
"5938";"Yverdon-les-Bains";4;"pop2000";24515;"A"
"5938";"Yverdon-les-Bains";4;"pop1990";22890;"A"
"5938";"Yverdon-les-Bains";4;"pop1980";20927;"A"
"5938";"Yverdon-les-Bains";4;"pop1970";20674;"A"
"5938";"Yverdon-les-Bains";4;"pop1930";9867;"A"
"1711";"Zug";4;"pop2019";30618;"A"
"1711";"Zug";4;"pop2009";25726;"A"
"1711";"Zug";4;"vpop_0919";19;"A"
"1711";"Zug";4;"dens_pop_19";14;"A"
"1711";"Zug";4;"pop2000";22973;"A"
"1711";"Zug";4;"pop1990";21705;"A"
"1711";"Zug";4;"pop1980";21609;"A"
"1711";"Zug";4;"pop1970";22972;"A"
"1711";"Zug";4;"pop1930";11113;"A"
"131";"Adliswil";3;"pop2019";18944;"A"
"131";"Adliswil";3;"pop2009";16161;"A"
"131";"Adliswil";3;"vpop_0919";17.2;"A"
"131";"Adliswil";3;"dens_pop_19";24;"A"
"131";"Adliswil";3;"pop2000";15822;"A"
"131";"Adliswil";3;"pop1990";15776;"A"
"131";"Adliswil";3;"pop1980";16418;"A"
"131";"Adliswil";3;"pop1970";15920;"A"
"131";"Adliswil";3;"pop1930";5307;"A"
"4021";"Baden";3;"pop2019";19547;"A"
"4021";"Baden";3;"pop2009";17709;"A"
"4021";"Baden";3;"vpop_0919";10.4;"A"
"4021";"Baden";3;"dens_pop_19";15;"A"
"4021";"Baden";3;"pop2000";16270;"A"
"4021";"Baden";3;"pop1990";15718;"A"
"4021";"Baden";3;"pop1980";13870;"A"
"4021";"Baden";3;"pop1970";14115;"A"
"4021";"Baden";3;"pop1930";10624;"A"
"2765";"Binningen";3;"pop2019";15793;"A"
"2765";"Binningen";3;"pop2009";14731;"A"
"2765";"Binningen";3;"vpop_0919";7.2;"A"
"2765";"Binningen";3;"dens_pop_19";35;"A"
"2765";"Binningen";3;"pop2000";13977;"A"
"2765";"Binningen";3;"pop1990";13996;"A"
"2765";"Binningen";3;"pop1980";14195;"A"
"2765";"Binningen";3;"pop1970";15344;"A"
"2765";"Binningen";3;"pop1930";6809;"A"
"404";"Burgdorf";3;"pop2019";16587;"A"
"404";"Burgdorf";3;"pop2009";15253;"A"
"404";"Burgdorf";3;"vpop_0919";8.7;"A"
"404";"Burgdorf";3;"dens_pop_19";11;"A"
"404";"Burgdorf";3;"pop2000";14714;"A"
"404";"Burgdorf";3;"pop1990";15373;"A"
"404";"Burgdorf";3;"pop1980";15379;"A"
"404";"Burgdorf";3;"pop1970";15888;"A"
"404";"Burgdorf";3;"pop1930";9772;"A"
"1702";"Cham";3;"pop2019";16893;"A"
"1702";"Cham";3;"pop2009";14552;"A"
"1702";"Cham";3;"vpop_0919";16.1;"A"
"1702";"Cham";3;"dens_pop_19";10;"A"
"1702";"Cham";3;"pop2000";13159;"A"
"1702";"Cham";3;"pop1990";10861;"A"
"1702";"Cham";3;"pop1980";9275;"A"
"1702";"Cham";3;"pop1970";8209;"A"
"1702";"Cham";3;"pop1930";4385;"A"
"1301";"Einsiedeln";3;"pop2019";16106;"A"
"1301";"Einsiedeln";3;"pop2009";14178;"A"
"1301";"Einsiedeln";3;"vpop_0919";13.6;"A"
"1301";"Einsiedeln";3;"dens_pop_19";2;"A"
"1301";"Einsiedeln";3;"pop2000";12622;"A"
"1301";"Einsiedeln";3;"pop1990";10869;"A"
"1301";"Einsiedeln";3;"pop1980";9629;"A"
"1301";"Einsiedeln";3;"pop1970";10020;"A"
"1301";"Einsiedeln";3;"pop1930";8053;"A"
"1322";"Freienbach";3;"pop2019";16506;"A"
"1322";"Freienbach";3;"pop2009";15464;"A"
"1322";"Freienbach";3;"vpop_0919";6.7;"A"
"1322";"Freienbach";3;"dens_pop_19";12;"A"
"1322";"Freienbach";3;"pop2000";13055;"A"
"1322";"Freienbach";3;"pop1990";11186;"A"
"1322";"Freienbach";3;"pop1980";9912;"A"
"1322";"Freienbach";3;"pop1970";8429;"A"
"1322";"Freienbach";3;"pop1930";3231;"A"
"1630";"Glarus Nord";3;"pop2019";18626;"A"
"1630";"Glarus Nord";3;"pop2009";16438;"A"
"1630";"Glarus Nord";3;"vpop_0919";13.3;"A"
"1630";"Glarus Nord";3;"dens_pop_19";1;"A"
"1630";"Glarus Nord";3;"pop2000";15772;"A"
"1630";"Glarus Nord";3;"pop1990";15311;"A"
"1630";"Glarus Nord";3;"pop1980";14388;"A"
"1630";"Glarus Nord";3;"pop1970";13844;"A"
"1630";"Glarus Nord";3;"pop1930";10531;"A"
"3443";"Gossau (SG)";3;"pop2019";18108;"A"
"3443";"Gossau (SG)";3;"pop2009";17477;"A"
"3443";"Gossau (SG)";3;"vpop_0919";3.6;"A"
"3443";"Gossau (SG)";3;"dens_pop_19";7;"A"
"3443";"Gossau (SG)";3;"pop2000";16805;"A"
"3443";"Gossau (SG)";3;"pop1990";15562;"A"
"3443";"Gossau (SG)";3;"pop1980";14584;"A"
"3443";"Gossau (SG)";3;"pop1970";12793;"A"
"3443";"Gossau (SG)";3;"pop1930";7846;"A"
"2546";"Grenchen";3;"pop2019";17468;"A"
"2546";"Grenchen";3;"pop2009";15838;"A"
"2546";"Grenchen";3;"vpop_0919";10.3;"A"
"2546";"Grenchen";3;"dens_pop_19";7;"A"
"2546";"Grenchen";3;"pop2000";15938;"A"
"2546";"Grenchen";3;"pop1990";16241;"A"
"2546";"Grenchen";3;"pop1980";16800;"A"
"2546";"Grenchen";3;"pop1970";20051;"A"
"2546";"Grenchen";3;"pop1930";10397;"A"
"3001";"Herisau";3;"pop2019";15763;"A"
"3001";"Herisau";3;"pop2009";15426;"A"
"3001";"Herisau";3;"vpop_0919";2.2;"A"
"3001";"Herisau";3;"dens_pop_19";6;"A"
"3001";"Herisau";3;"pop2000";15882;"A"
"3001";"Herisau";3;"pop1990";15624;"A"
"3001";"Herisau";3;"pop1980";14160;"A"
"3001";"Herisau";3;"pop1970";14597;"A"
"3001";"Herisau";3;"pop1930";13599;"A"
"296";"Illnau-Effretikon";3;"pop2019";17333;"A"
"296";"Illnau-Effretikon";3;"pop2009";15841;"A"
"296";"Illnau-Effretikon";3;"vpop_0919";9.4;"A"
"296";"Illnau-Effretikon";3;"dens_pop_19";5;"A"
"296";"Illnau-Effretikon";3;"pop2000";14887;"A"
"296";"Illnau-Effretikon";3;"pop1990";14856;"A"
"296";"Illnau-Effretikon";3;"pop1980";15091;"A"
"296";"Illnau-Effretikon";3;"pop1970";13990;"A"
"296";"Illnau-Effretikon";3;"pop1930";4062;"A"
"329";"Langenthal";3;"pop2019";15644;"A"
"329";"Langenthal";3;"pop2009";15117;"A"
"329";"Langenthal";3;"vpop_0919";3.5;"A"
"329";"Langenthal";3;"dens_pop_19";9;"A"
"329";"Langenthal";3;"pop2000";14245;"A"
"329";"Langenthal";3;"pop1990";14514;"A"
"329";"Langenthal";3;"pop1980";13579;"A"
"329";"Langenthal";3;"pop1970";13204;"A"
"329";"Langenthal";3;"pop1930";7505;"A"
"5113";"Locarno";3;"pop2019";15776;"A"
"5113";"Locarno";3;"pop2009";15185;"A"
"5113";"Locarno";3;"vpop_0919";3.9;"A"
"5113";"Locarno";3;"dens_pop_19";8;"A"
"5113";"Locarno";3;"pop2000";14561;"A"
"5113";"Locarno";3;"pop1990";13796;"A"
"5113";"Locarno";3;"pop1980";14103;"A"
"5113";"Locarno";3;"pop1970";14143;"A"
"5113";"Locarno";3;"pop1930";6575;"A"
"306";"Lyss";3;"pop2019";15525;"A"
"306";"Lyss";3;"pop2009";13622;"A"
"306";"Lyss";3;"vpop_0919";14;"A"
"306";"Lyss";3;"dens_pop_19";10;"A"
"306";"Lyss";3;"pop2000";12550;"A"
"306";"Lyss";3;"pop1990";11742;"A"
"306";"Lyss";3;"pop1980";10110;"A"
"306";"Lyss";3;"pop1970";9408;"A"
"306";"Lyss";3;"pop1930";4092;"A"
"6136";"Martigny";3;"pop2019";18297;"A"
"6136";"Martigny";3;"pop2009";15778;"A"
"6136";"Martigny";3;"vpop_0919";16;"A"
"6136";"Martigny";3;"dens_pop_19";7;"A"
"6136";"Martigny";3;"pop2000";14361;"A"
"6136";"Martigny";3;"pop1990";13481;"A"
"6136";"Martigny";3;"pop1980";11309;"A"
"6136";"Martigny";3;"pop1970";10478;"A"
"6136";"Martigny";3;"pop1930";4828;"A"
"6153";"Monthey";3;"pop2019";17894;"A"
"6153";"Monthey";3;"pop2009";16437;"A"
"6153";"Monthey";3;"vpop_0919";8.9;"A"
"6153";"Monthey";3;"dens_pop_19";6;"A"
"6153";"Monthey";3;"pop2000";13933;"A"
"6153";"Monthey";3;"pop1990";13790;"A"
"6153";"Monthey";3;"pop1980";11285;"A"
"6153";"Monthey";3;"pop1970";10114;"A"
"6153";"Monthey";3;"pop1930";4901;"A"
"5642";"Morges";3;"pop2019";15844;"A"
"5642";"Morges";3;"pop2009";14447;"A"
"5642";"Morges";3;"vpop_0919";9.7;"A"
"5642";"Morges";3;"dens_pop_19";41;"A"
"5642";"Morges";3;"pop2000";14154;"A"
"5642";"Morges";3;"pop1990";13891;"A"
"5642";"Morges";3;"pop1980";13057;"A"
"5642";"Morges";3;"pop1970";11931;"A"
"5642";"Morges";3;"pop1930";5047;"A"
"2770";"Muttenz";3;"pop2019";17910;"A"
"2770";"Muttenz";3;"pop2009";17197;"A"
"2770";"Muttenz";3;"vpop_0919";4.1;"A"
"2770";"Muttenz";3;"dens_pop_19";11;"A"
"2770";"Muttenz";3;"pop2000";16654;"A"
"2770";"Muttenz";3;"pop1990";17181;"A"
"2770";"Muttenz";3;"pop1980";16911;"A"
"2770";"Muttenz";3;"pop1970";15518;"A"
"2770";"Muttenz";3;"pop1930";4966;"A"
"2581";"Olten";3;"pop2019";18399;"A"
"2581";"Olten";3;"pop2009";16760;"A"
"2581";"Olten";3;"vpop_0919";9.8;"A"
"2581";"Olten";3;"dens_pop_19";16;"A"
"2581";"Olten";3;"pop2000";16757;"A"
"2581";"Olten";3;"pop1990";17805;"A"
"2581";"Olten";3;"pop1980";18991;"A"
"2581";"Olten";3;"pop1970";21209;"A"
"2581";"Olten";3;"pop1930";13484;"A"
"6631";"Onex";3;"pop2019";19058;"A"
"6631";"Onex";3;"pop2009";17202;"A"
"6631";"Onex";3;"vpop_0919";10.8;"A"
"6631";"Onex";3;"dens_pop_19";68;"A"
"6631";"Onex";3;"pop2000";16419;"A"
"6631";"Onex";3;"pop1990";15736;"A"
"6631";"Onex";3;"pop1980";16956;"A"
"6631";"Onex";3;"pop1970";13524;"A"
"6631";"Onex";3;"pop1930";687;"A"
"363";"Ostermundigen";3;"pop2019";17772;"A"
"363";"Ostermundigen";3;"pop2009";15159;"A"
"363";"Ostermundigen";3;"vpop_0919";17.2;"A"
"363";"Ostermundigen";3;"dens_pop_19";30;"A"
"363";"Ostermundigen";3;"pop2000";15452;"A"
"363";"Ostermundigen";3;"pop1990";16704;"A"
"363";"Ostermundigen";3;"pop1980";;"A"
"363";"Ostermundigen";3;"pop1970";;"A"
"363";"Ostermundigen";3;"pop1930";;"A"
"2831";"Pratteln";3;"pop2019";16650;"A"
"2831";"Pratteln";3;"pop2009";15179;"A"
"2831";"Pratteln";3;"vpop_0919";9.7;"A"
"2831";"Pratteln";3;"dens_pop_19";16;"A"
"2831";"Pratteln";3;"pop2000";14904;"A"
"2831";"Pratteln";3;"pop1990";15486;"A"
"2831";"Pratteln";3;"pop1980";15751;"A"
"2831";"Pratteln";3;"pop1970";15127;"A"
"2831";"Pratteln";3;"pop1930";4782;"A"
"5590";"Pully";3;"pop2019";18458;"A"
"5590";"Pully";3;"pop2009";17108;"A"
"5590";"Pully";3;"vpop_0919";7.9;"A"
"5590";"Pully";3;"dens_pop_19";31;"A"
"5590";"Pully";3;"pop2000";16034;"A"
"5590";"Pully";3;"pop1990";15612;"A"
"5590";"Pully";3;"pop1980";14988;"A"
"5590";"Pully";3;"pop1970";15917;"A"
"5590";"Pully";3;"pop1930";5075;"A"
"96";"Regensdorf";3;"pop2019";18540;"A"
"96";"Regensdorf";3;"pop2009";16384;"A"
"96";"Regensdorf";3;"vpop_0919";13.2;"A"
"96";"Regensdorf";3;"dens_pop_19";13;"A"
"96";"Regensdorf";3;"pop2000";15098;"A"
"96";"Regensdorf";3;"pop1990";13673;"A"
"96";"Regensdorf";3;"pop1980";12300;"A"
"96";"Regensdorf";3;"pop1970";8566;"A"
"96";"Regensdorf";3;"pop1930";1797;"A"
"2773";"Reinach (BL)";3;"pop2019";19181;"A"
"2773";"Reinach (BL)";3;"pop2009";18659;"A"
"2773";"Reinach (BL)";3;"vpop_0919";2.8;"A"
"2773";"Reinach (BL)";3;"dens_pop_19";28;"A"
"2773";"Reinach (BL)";3;"pop2000";18323;"A"
"2773";"Reinach (BL)";3;"pop1990";17905;"A"
"2773";"Reinach (BL)";3;"pop1980";17813;"A"
"2773";"Reinach (BL)";3;"pop1970";13419;"A"
"2773";"Reinach (BL)";3;"pop1930";2558;"A"
"247";"Schlieren";3;"pop2019";18791;"A"
"247";"Schlieren";3;"pop2009";15293;"A"
"247";"Schlieren";3;"vpop_0919";22.9;"A"
"247";"Schlieren";3;"dens_pop_19";29;"A"
"247";"Schlieren";3;"pop2000";13356;"A"
"247";"Schlieren";3;"pop1990";13814;"A"
"247";"Schlieren";3;"pop1980";12891;"A"
"247";"Schlieren";3;"pop1970";11869;"A"
"247";"Schlieren";3;"pop1930";4086;"A"
"1372";"Schwyz";3;"pop2019";15239;"A"
"1372";"Schwyz";3;"pop2009";14243;"A"
"1372";"Schwyz";3;"vpop_0919";7;"A"
"1372";"Schwyz";3;"dens_pop_19";3;"A"
"1372";"Schwyz";3;"pop2000";13802;"A"
"1372";"Schwyz";3;"pop1990";12872;"A"
"1372";"Schwyz";3;"pop1980";12100;"A"
"1372";"Schwyz";3;"pop1970";12194;"A"
"1372";"Schwyz";3;"pop1930";8256;"A"
"6248";"Sierre";3;"pop2019";16842;"A"
"6248";"Sierre";3;"pop2009";15787;"A"
"6248";"Sierre";3;"vpop_0919";6.7;"A"
"6248";"Sierre";3;"dens_pop_19";9;"A"
"6248";"Sierre";3;"pop2000";14317;"A"
"6248";"Sierre";3;"pop1990";14143;"A"
"6248";"Sierre";3;"pop1980";13050;"A"
"6248";"Sierre";3;"pop1970";12343;"A"
"6248";"Sierre";3;"pop1930";5679;"A"
"2601";"Solothurn";3;"pop2019";16933;"A"
"2601";"Solothurn";3;"pop2009";15881;"A"
"2601";"Solothurn";3;"vpop_0919";6.6;"A"
"2601";"Solothurn";3;"dens_pop_19";27;"A"
"2601";"Solothurn";3;"pop2000";15489;"A"
"2601";"Solothurn";3;"pop1990";15748;"A"
"2601";"Solothurn";3;"pop1980";15778;"A"
"2601";"Solothurn";3;"pop1970";17708;"A"
"2601";"Solothurn";3;"pop1930";13734;"A"
"939";"Steffisburg";3;"pop2019";15929;"A"
"939";"Steffisburg";3;"pop2009";15625;"A"
"939";"Steffisburg";3;"vpop_0919";1.9;"A"
"939";"Steffisburg";3;"dens_pop_19";11;"A"
"939";"Steffisburg";3;"pop2000";14611;"A"
"939";"Steffisburg";3;"pop1990";13760;"A"
"939";"Steffisburg";3;"pop1980";12737;"A"
"939";"Steffisburg";3;"pop1970";12822;"A"
"939";"Steffisburg";3;"pop1930";6943;"A"
"141";"Thalwil";3;"pop2019";18139;"A"
"141";"Thalwil";3;"pop2009";16896;"A"
"141";"Thalwil";3;"vpop_0919";7.4;"A"
"141";"Thalwil";3;"dens_pop_19";33;"A"
"141";"Thalwil";3;"pop2000";15805;"A"
"141";"Thalwil";3;"pop1990";15647;"A"
"141";"Thalwil";3;"pop1980";15412;"A"
"141";"Thalwil";3;"pop1970";13591;"A"
"141";"Thalwil";3;"pop1930";7943;"A"
"5890";"Vevey";3;"pop2019";19824;"A"
"5890";"Vevey";3;"pop2009";18001;"A"
"5890";"Vevey";3;"vpop_0919";10.1;"A"
"5890";"Vevey";3;"dens_pop_19";83;"A"
"5890";"Vevey";3;"pop2000";16202;"A"
"5890";"Vevey";3;"pop1990";15968;"A"
"5890";"Vevey";3;"pop1980";16139;"A"
"5890";"Vevey";3;"pop1970";17957;"A"
"5890";"Vevey";3;"pop1930";13036;"A"
"199";"Volketswil";3;"pop2019";18640;"A"
"199";"Volketswil";3;"pop2009";16938;"A"
"199";"Volketswil";3;"vpop_0919";10;"A"
"199";"Volketswil";3;"dens_pop_19";13;"A"
"199";"Volketswil";3;"pop2000";14070;"A"
"199";"Volketswil";3;"pop1990";12241;"A"
"199";"Volketswil";3;"pop1980";10033;"A"
"199";"Volketswil";3;"pop1970";7473;"A"
"199";"Volketswil";3;"pop1930";1669;"A"
"69";"Wallisellen";3;"pop2019";16841;"A"
"69";"Wallisellen";3;"pop2009";13283;"A"
"69";"Wallisellen";3;"vpop_0919";26.8;"A"
"69";"Wallisellen";3;"dens_pop_19";26;"A"
"69";"Wallisellen";3;"pop2000";11939;"A"
"69";"Wallisellen";3;"pop1990";11216;"A"
"69";"Wallisellen";3;"pop1980";10887;"A"
"69";"Wallisellen";3;"pop1970";10415;"A"
"69";"Wallisellen";3;"pop1930";3772;"A"
"4082";"Wohlen (AG)";3;"pop2019";16613;"A"
"4082";"Wohlen (AG)";3;"pop2009";14303;"A"
"4082";"Wohlen (AG)";3;"vpop_0919";16.2;"A"
"4082";"Wohlen (AG)";3;"dens_pop_19";13;"A"
"4082";"Wohlen (AG)";3;"pop2000";13329;"A"
"4082";"Wohlen (AG)";3;"pop1990";12498;"A"
"4082";"Wohlen (AG)";3;"pop1980";11704;"A"
"4082";"Wohlen (AG)";3;"pop1970";12024;"A"
"4082";"Wohlen (AG)";3;"pop1930";5862;"A"
"2761";"Aesch (BL)";2;"pop2019";10356;"A"
"2761";"Aesch (BL)";2;"pop2009";10165;"A"
"2761";"Aesch (BL)";2;"vpop_0919";1.9;"A"
"2761";"Aesch (BL)";2;"dens_pop_19";14;"A"
"2761";"Aesch (BL)";2;"pop2000";9735;"A"
"2761";"Aesch (BL)";2;"pop1990";9560;"A"
"2761";"Aesch (BL)";2;"pop1980";7954;"A"
"2761";"Aesch (BL)";2;"pop1970";6060;"A"
"2761";"Aesch (BL)";2;"pop1930";2809;"A"
"2";"Affoltern am Albis";2;"pop2019";12303;"A"
"2";"Affoltern am Albis";2;"pop2009";10735;"A"
"2";"Affoltern am Albis";2;"vpop_0919";14.6;"A"
"2";"Affoltern am Albis";2;"dens_pop_19";12;"A"
"2";"Affoltern am Albis";2;"pop2000";10314;"A"
"2";"Affoltern am Albis";2;"pop1990";9461;"A"
"2";"Affoltern am Albis";2;"pop1980";8064;"A"
"2";"Affoltern am Albis";2;"pop1970";7363;"A"
"2";"Affoltern am Albis";2;"pop1930";3091;"A"
"5401";"Aigle";2;"pop2019";10197;"A"
"5401";"Aigle";2;"pop2009";8757;"A"
"5401";"Aigle";2;"vpop_0919";16.4;"A"
"5401";"Aigle";2;"dens_pop_19";6;"A"
"5401";"Aigle";2;"pop2000";7955;"A"
"5401";"Aigle";2;"pop1990";7825;"A"
"5401";"Aigle";2;"pop1980";6233;"A"
"5401";"Aigle";2;"pop1970";6532;"A"
"5401";"Aigle";2;"pop1930";3912;"A"
"3251";"Altstätten";2;"pop2019";11877;"A"
"3251";"Altstätten";2;"pop2009";10777;"A"
"3251";"Altstätten";2;"vpop_0919";10.2;"A"
"3251";"Altstätten";2;"dens_pop_19";3;"A"
"3251";"Altstätten";2;"pop2000";10381;"A"
"3251";"Altstätten";2;"pop1990";10249;"A"
"3251";"Altstätten";2;"pop1980";9260;"A"
"3251";"Altstätten";2;"pop1970";9084;"A"
"3251";"Altstätten";2;"pop1930";8393;"A"
"4461";"Amriswil";2;"pop2019";13816;"A"
"4461";"Amriswil";2;"pop2009";11941;"A"
"4461";"Amriswil";2;"vpop_0919";15.7;"A"
"4461";"Amriswil";2;"dens_pop_19";7;"A"
"4461";"Amriswil";2;"pop2000";11357;"A"
"4461";"Amriswil";2;"pop1990";10426;"A"
"4461";"Amriswil";2;"pop1980";9013;"A"
"4461";"Amriswil";2;"pop1970";9190;"A"
"4461";"Amriswil";2;"pop1930";6631;"A"
"4401";"Arbon";2;"pop2019";14796;"A"
"4401";"Arbon";2;"pop2009";13490;"A"
"4401";"Arbon";2;"vpop_0919";9.7;"A"
"4401";"Arbon";2;"dens_pop_19";25;"A"
"4401";"Arbon";2;"pop2000";12906;"A"
"4401";"Arbon";2;"pop1990";12415;"A"
"4401";"Arbon";2;"pop1980";12333;"A"
"4401";"Arbon";2;"pop1970";13122;"A"
"4401";"Arbon";2;"pop1930";8615;"A"
"1362";"Arth";2;"pop2019";12154;"A"
"1362";"Arth";2;"pop2009";10555;"A"
"1362";"Arth";2;"vpop_0919";15.1;"A"
"1362";"Arth";2;"dens_pop_19";3;"A"
"1362";"Arth";2;"pop2000";9593;"A"
"1362";"Arth";2;"pop1990";8425;"A"
"1362";"Arth";2;"pop1980";7795;"A"
"1362";"Arth";2;"pop1970";7580;"A"
"1362";"Arth";2;"pop1930";5047;"A"
"52";"Bassersdorf";2;"pop2019";11824;"A"
"52";"Bassersdorf";2;"pop2009";10902;"A"
"52";"Bassersdorf";2;"vpop_0919";8.5;"A"
"52";"Bassersdorf";2;"dens_pop_19";13;"A"
"52";"Bassersdorf";2;"pop2000";7515;"A"
"52";"Bassersdorf";2;"pop1990";6823;"A"
"52";"Bassersdorf";2;"pop1980";5335;"A"
"52";"Bassersdorf";2;"pop1970";5590;"A"
"52";"Bassersdorf";2;"pop1930";1495;"A"
"861";"Belp";2;"pop2019";11572;"A"
"861";"Belp";2;"pop2009";10287;"A"
"861";"Belp";2;"vpop_0919";12.5;"A"
"861";"Belp";2;"dens_pop_19";5;"A"
"861";"Belp";2;"pop2000";9566;"A"
"861";"Belp";2;"pop1990";8476;"A"
"861";"Belp";2;"pop1980";7966;"A"
"861";"Belp";2;"pop1970";7384;"A"
"861";"Belp";2;"pop1930";3722;"A"
"2766";"Birsfelden";2;"pop2019";10432;"A"
"2766";"Birsfelden";2;"pop2009";10324;"A"
"2766";"Birsfelden";2;"vpop_0919";1;"A"
"2766";"Birsfelden";2;"dens_pop_19";41;"A"
"2766";"Birsfelden";2;"pop2000";10429;"A"
"2766";"Birsfelden";2;"pop1990";11290;"A"
"2766";"Birsfelden";2;"pop1980";12543;"A"
"2766";"Birsfelden";2;"pop1970";14226;"A"
"2766";"Birsfelden";2;"pop1930";6175;"A"
"6002";"Brig-Glis";2;"pop2019";13079;"A"
"6002";"Brig-Glis";2;"pop2009";12254;"A"
"6002";"Brig-Glis";2;"vpop_0919";6.7;"A"
"6002";"Brig-Glis";2;"dens_pop_19";3;"A"
"6002";"Brig-Glis";2;"pop2000";11590;"A"
"6002";"Brig-Glis";2;"pop1990";10602;"A"
"6002";"Brig-Glis";2;"pop1980";9608;"A"
"6002";"Brig-Glis";2;"pop1970";8755;"A"
"6002";"Brig-Glis";2;"pop1930";4418;"A"
"4095";"Brugg";2;"pop2019";12575;"A"
"4095";"Brugg";2;"pop2009";11479;"A"
"4095";"Brugg";2;"vpop_0919";9.5;"A"
"4095";"Brugg";2;"dens_pop_19";15;"A"
"4095";"Brugg";2;"pop2000";11400;"A"
"4095";"Brugg";2;"pop1990";11545;"A"
"4095";"Brugg";2;"pop1980";10769;"A"
"4095";"Brugg";2;"pop1970";10544;"A"
"4095";"Brugg";2;"pop1930";5778;"A"
"3271";"Buchs (SG)";2;"pop2019";12861;"A"
"3271";"Buchs (SG)";2;"pop2009";10972;"A"
"3271";"Buchs (SG)";2;"vpop_0919";17.2;"A"
"3271";"Buchs (SG)";2;"dens_pop_19";8;"A"
"3271";"Buchs (SG)";2;"pop2000";10399;"A"
"3271";"Buchs (SG)";2;"pop1990";9801;"A"
"3271";"Buchs (SG)";2;"pop1980";9066;"A"
"3271";"Buchs (SG)";2;"pop1970";8454;"A"
"3271";"Buchs (SG)";2;"pop1930";4624;"A"
"6612";"Chêne-Bougeries";2;"pop2019";12504;"A"
"6612";"Chêne-Bougeries";2;"pop2009";10342;"A"
"6612";"Chêne-Bougeries";2;"vpop_0919";20.9;"A"
"6612";"Chêne-Bougeries";2;"dens_pop_19";30;"A"
"6612";"Chêne-Bougeries";2;"pop2000";9759;"A"
"6612";"Chêne-Bougeries";2;"pop1990";9076;"A"
"6612";"Chêne-Bougeries";2;"pop1980";9068;"A"
"6612";"Chêne-Bougeries";2;"pop1970";8670;"A"
"6612";"Chêne-Bougeries";2;"pop1930";3343;"A"
"3851";"Davos";2;"pop2019";10862;"A"
"3851";"Davos";2;"pop2009";11248;"A"
"3851";"Davos";2;"vpop_0919";-3.4;"A"
"3851";"Davos";2;"dens_pop_19";;"N"
"3851";"Davos";2;"pop2000";11718;"A"
"3851";"Davos";2;"pop1990";11259;"A"
"3851";"Davos";2;"pop1980";10693;"A"
"3851";"Davos";2;"pop1970";10499;"A"
"3851";"Davos";2;"pop1930";11355;"A"
"6711";"Delémont";2;"pop2019";12566;"A"
"6711";"Delémont";2;"pop2009";11586;"A"
"6711";"Delémont";2;"vpop_0919";8.5;"A"
"6711";"Delémont";2;"dens_pop_19";6;"A"
"6711";"Delémont";2;"pop2000";11353;"A"
"6711";"Delémont";2;"pop1990";11548;"A"
"6711";"Delémont";2;"pop1980";11682;"A"
"6711";"Delémont";2;"pop1970";11797;"A"
"6711";"Delémont";2;"pop1930";6393;"A"
"1054";"Ebikon";2;"pop2019";13849;"A"
"1054";"Ebikon";2;"pop2009";11855;"A"
"1054";"Ebikon";2;"vpop_0919";16.8;"A"
"1054";"Ebikon";2;"dens_pop_19";14;"A"
"1054";"Ebikon";2;"pop2000";11322;"A"
"1054";"Ebikon";2;"pop1990";11068;"A"
"1054";"Ebikon";2;"pop1980";8679;"A"
"1054";"Ebikon";2;"pop1970";7770;"A"
"1054";"Ebikon";2;"pop1930";2240;"A"
"5635";"Ecublens (VD)";2;"pop2019";13079;"A"
"5635";"Ecublens (VD)";2;"pop2009";10929;"A"
"5635";"Ecublens (VD)";2;"vpop_0919";19.7;"A"
"5635";"Ecublens (VD)";2;"dens_pop_19";23;"A"
"5635";"Ecublens (VD)";2;"pop2000";10227;"A"
"5635";"Ecublens (VD)";2;"pop1990";9743;"A"
"5635";"Ecublens (VD)";2;"pop1980";7615;"A"
"5635";"Ecublens (VD)";2;"pop1970";6379;"A"
"5635";"Ecublens (VD)";2;"pop1930";1013;"A"
"3402";"Flawil";2;"pop2019";10425;"A"
"3402";"Flawil";2;"pop2009";9876;"A"
"3402";"Flawil";2;"vpop_0919";5.6;"A"
"3402";"Flawil";2;"dens_pop_19";9;"A"
"3402";"Flawil";2;"pop2000";9320;"A"
"3402";"Flawil";2;"pop1990";8938;"A"
"3402";"Flawil";2;"pop1980";8575;"A"
"3402";"Flawil";2;"pop1970";8474;"A"
"3402";"Flawil";2;"pop1930";5761;"A"
"5721";"Gland";2;"pop2019";13181;"A"
"5721";"Gland";2;"pop2009";11417;"A"
"5721";"Gland";2;"vpop_0919";15.5;"A"
"5721";"Gland";2;"dens_pop_19";16;"A"
"5721";"Gland";2;"pop2000";9663;"A"
"5721";"Gland";2;"pop1990";7109;"A"
"5721";"Gland";2;"pop1980";4906;"A"
"5721";"Gland";2;"pop1970";2404;"A"
"5721";"Gland";2;"pop1930";992;"A"
"1632";"Glarus";2;"pop2019";12511;"A"
"1632";"Glarus";2;"pop2009";12166;"A"
"1632";"Glarus";2;"vpop_0919";2.8;"A"
"1632";"Glarus";2;"dens_pop_19";1;"A"
"1632";"Glarus";2;"pop2000";11799;"A"
"1632";"Glarus";2;"pop1990";12139;"A"
"1632";"Glarus";2;"pop1980";11781;"A"
"1632";"Glarus";2;"pop1970";12427;"A"
"1632";"Glarus";2;"pop1930";10860;"A"
"117";"Hinwil";2;"pop2019";11277;"A"
"117";"Hinwil";2;"pop2009";10128;"A"
"117";"Hinwil";2;"vpop_0919";11.3;"A"
"117";"Hinwil";2;"dens_pop_19";5;"A"
"117";"Hinwil";2;"pop2000";9157;"A"
"117";"Hinwil";2;"pop1990";8379;"A"
"117";"Hinwil";2;"pop1980";7554;"A"
"117";"Hinwil";2;"pop1970";6547;"A"
"117";"Hinwil";2;"pop1930";3146;"A"
"1058";"Horw";2;"pop2019";14243;"A"
"1058";"Horw";2;"pop2009";13187;"A"
"1058";"Horw";2;"vpop_0919";8;"A"
"1058";"Horw";2;"dens_pop_19";11;"A"
"1058";"Horw";2;"pop2000";12648;"A"
"1058";"Horw";2;"pop1990";11782;"A"
"1058";"Horw";2;"pop1980";11629;"A"
"1058";"Horw";2;"pop1970";10632;"A"
"1058";"Horw";2;"pop1930";2715;"A"
"362";"Ittigen";2;"pop2019";11306;"A"
"362";"Ittigen";2;"pop2009";10764;"A"
"362";"Ittigen";2;"vpop_0919";5;"A"
"362";"Ittigen";2;"dens_pop_19";27;"A"
"362";"Ittigen";2;"pop2000";10991;"A"
"362";"Ittigen";2;"pop1990";11381;"A"
"362";"Ittigen";2;"pop1980";;"A"
"362";"Ittigen";2;"pop1970";;"A"
"362";"Ittigen";2;"pop1930";;"A"
"154";"Küsnacht (ZH)";2;"pop2019";14564;"A"
"154";"Küsnacht (ZH)";2;"pop2009";13455;"A"
"154";"Küsnacht (ZH)";2;"vpop_0919";8.2;"A"
"154";"Küsnacht (ZH)";2;"dens_pop_19";12;"A"
"154";"Küsnacht (ZH)";2;"pop2000";12484;"A"
"154";"Küsnacht (ZH)";2;"pop1990";12384;"A"
"154";"Küsnacht (ZH)";2;"pop1980";12766;"A"
"154";"Küsnacht (ZH)";2;"pop1970";12193;"A"
"154";"Küsnacht (ZH)";2;"pop1930";6084;"A"
"5889";"La Tour-de-Peilz";2;"pop2019";11884;"A"
"5889";"La Tour-de-Peilz";2;"pop2009";10772;"A"
"5889";"La Tour-de-Peilz";2;"vpop_0919";10.3;"A"
"5889";"La Tour-de-Peilz";2;"dens_pop_19";36;"A"
"5889";"La Tour-de-Peilz";2;"pop2000";10230;"A"
"5889";"La Tour-de-Peilz";2;"pop1990";10197;"A"
"5889";"La Tour-de-Peilz";2;"pop1980";9411;"A"
"5889";"La Tour-de-Peilz";2;"pop1970";8864;"A"
"5889";"La Tour-de-Peilz";2;"pop1930";4266;"A"
"6623";"Le Grand-Saconnex";2;"pop2019";12275;"A"
"6623";"Le Grand-Saconnex";2;"pop2009";10981;"A"
"6623";"Le Grand-Saconnex";2;"vpop_0919";11.8;"A"
"6623";"Le Grand-Saconnex";2;"dens_pop_19";28;"A"
"6623";"Le Grand-Saconnex";2;"pop2000";8114;"A"
"6623";"Le Grand-Saconnex";2;"pop1990";6445;"A"
"6623";"Le Grand-Saconnex";2;"pop1980";6333;"A"
"6623";"Le Grand-Saconnex";2;"pop1970";6720;"A"
"6623";"Le Grand-Saconnex";2;"pop1930";1153;"A"
"6436";"Le Locle";2;"pop2019";10101;"A"
"6436";"Le Locle";2;"pop2009";10118;"A"
"6436";"Le Locle";2;"vpop_0919";-0.2;"A"
"6436";"Le Locle";2;"dens_pop_19";4;"A"
"6436";"Le Locle";2;"pop2000";10529;"A"
"6436";"Le Locle";2;"pop1990";11313;"A"
"6436";"Le Locle";2;"pop1980";12039;"A"
"6436";"Le Locle";2;"pop1970";14452;"A"
"6436";"Le Locle";2;"pop1930";12001;"A"
"4201";"Lenzburg";2;"pop2019";10822;"A"
"4201";"Lenzburg";2;"pop2009";8146;"A"
"4201";"Lenzburg";2;"vpop_0919";32.9;"A"
"4201";"Lenzburg";2;"dens_pop_19";10;"A"
"4201";"Lenzburg";2;"pop2000";7568;"A"
"4201";"Lenzburg";2;"pop1990";7530;"A"
"4201";"Lenzburg";2;"pop1980";7585;"A"
"4201";"Lenzburg";2;"pop1970";7594;"A"
"4201";"Lenzburg";2;"pop1930";4131;"A"
"2829";"Liestal";2;"pop2019";14391;"A"
"2829";"Liestal";2;"pop2009";13406;"A"
"2829";"Liestal";2;"vpop_0919";7.3;"A"
"2829";"Liestal";2;"dens_pop_19";8;"A"
"2829";"Liestal";2;"pop2000";12930;"A"
"2829";"Liestal";2;"pop1990";12853;"A"
"2829";"Liestal";2;"pop1980";12158;"A"
"2829";"Liestal";2;"pop1970";12500;"A"
"2829";"Liestal";2;"pop1930";6698;"A"
"155";"Männedorf";2;"pop2019";11359;"A"
"155";"Männedorf";2;"pop2009";10235;"A"
"155";"Männedorf";2;"vpop_0919";11;"A"
"155";"Männedorf";2;"dens_pop_19";24;"A"
"155";"Männedorf";2;"pop2000";8348;"A"
"155";"Männedorf";2;"pop1990";7486;"A"
"155";"Männedorf";2;"pop1980";7833;"A"
"155";"Männedorf";2;"pop1970";7419;"A"
"155";"Männedorf";2;"pop1930";3571;"A"
"156";"Meilen";2;"pop2019";14335;"A"
"156";"Meilen";2;"pop2009";12253;"A"
"156";"Meilen";2;"vpop_0919";17;"A"
"156";"Meilen";2;"dens_pop_19";12;"A"
"156";"Meilen";2;"pop2000";11480;"A"
"156";"Meilen";2;"pop1990";10749;"A"
"156";"Meilen";2;"pop1980";10430;"A"
"156";"Meilen";2;"pop1970";9881;"A"
"156";"Meilen";2;"pop1930";4301;"A"
"5254";"Mendrisio";2;"pop2019";14870;"A"
"5254";"Mendrisio";2;"pop2009";14235;"A"
"5254";"Mendrisio";2;"vpop_0919";4.5;"A"
"5254";"Mendrisio";2;"dens_pop_19";5;"A"
"5254";"Mendrisio";2;"pop2000";13176;"A"
"5254";"Mendrisio";2;"pop1990";12467;"A"
"5254";"Mendrisio";2;"pop1980";12252;"A"
"5254";"Mendrisio";2;"pop1970";11084;"A"
"5254";"Mendrisio";2;"pop1930";8306;"A"
"4254";"Möhlin";2;"pop2019";11047;"A"
"4254";"Möhlin";2;"pop2009";9757;"A"
"4254";"Möhlin";2;"vpop_0919";13.2;"A"
"4254";"Möhlin";2;"dens_pop_19";6;"A"
"4254";"Möhlin";2;"pop2000";8297;"A"
"4254";"Möhlin";2;"pop1990";7125;"A"
"4254";"Möhlin";2;"pop1980";6360;"A"
"4254";"Möhlin";2;"pop1970";6003;"A"
"4254";"Möhlin";2;"pop1930";2858;"A"
"546";"Münchenbuchsee";2;"pop2019";10355;"A"
"546";"Münchenbuchsee";2;"pop2009";9753;"A"
"546";"Münchenbuchsee";2;"vpop_0919";6.2;"A"
"546";"Münchenbuchsee";2;"dens_pop_19";12;"A"
"546";"Münchenbuchsee";2;"pop2000";9609;"A"
"546";"Münchenbuchsee";2;"pop1990";8878;"A"
"546";"Münchenbuchsee";2;"pop1980";8395;"A"
"546";"Münchenbuchsee";2;"pop1970";6459;"A"
"546";"Münchenbuchsee";2;"pop1930";2320;"A"
"2769";"Münchenstein";2;"pop2019";12104;"A"
"2769";"Münchenstein";2;"pop2009";11716;"A"
"2769";"Münchenstein";2;"vpop_0919";3.3;"A"
"2769";"Münchenstein";2;"dens_pop_19";17;"A"
"2769";"Münchenstein";2;"pop2000";11702;"A"
"2769";"Münchenstein";2;"pop1990";11650;"A"
"2769";"Münchenstein";2;"pop1980";11002;"A"
"2769";"Münchenstein";2;"pop1970";11777;"A"
"2769";"Münchenstein";2;"pop1930";4625;"A"
"616";"Münsingen";2;"pop2019";12935;"A"
"616";"Münsingen";2;"pop2009";12017;"A"
"616";"Münsingen";2;"vpop_0919";7.6;"A"
"616";"Münsingen";2;"dens_pop_19";8;"A"
"616";"Münsingen";2;"pop2000";11755;"A"
"616";"Münsingen";2;"pop1990";10435;"A"
"616";"Münsingen";2;"pop1980";9628;"A"
"616";"Münsingen";2;"pop1970";8655;"A"
"616";"Münsingen";2;"pop1930";4362;"A"
"356";"Muri bei Bern";2;"pop2019";13023;"A"
"356";"Muri bei Bern";2;"pop2009";12786;"A"
"356";"Muri bei Bern";2;"vpop_0919";1.9;"A"
"356";"Muri bei Bern";2;"dens_pop_19";17;"A"
"356";"Muri bei Bern";2;"pop2000";12571;"A"
"356";"Muri bei Bern";2;"pop1990";12680;"A"
"356";"Muri bei Bern";2;"pop1980";12285;"A"
"356";"Muri bei Bern";2;"pop1970";10174;"A"
"356";"Muri bei Bern";2;"pop1930";3938;"A"
"2937";"Neuhausen am Rheinfall";2;"pop2019";10467;"A"
"2937";"Neuhausen am Rheinfall";2;"pop2009";10199;"A"
"2937";"Neuhausen am Rheinfall";2;"vpop_0919";2.6;"A"
"2937";"Neuhausen am Rheinfall";2;"dens_pop_19";13;"A"
"2937";"Neuhausen am Rheinfall";2;"pop2000";9959;"A"
"2937";"Neuhausen am Rheinfall";2;"pop1990";10619;"A"
"2937";"Neuhausen am Rheinfall";2;"pop1980";10662;"A"
"2937";"Neuhausen am Rheinfall";2;"pop1970";12103;"A"
"2937";"Neuhausen am Rheinfall";2;"pop1930";6355;"A"
"2771";"Oberwil (BL)";2;"pop2019";11221;"A"
"2771";"Oberwil (BL)";2;"pop2009";10397;"A"
"2771";"Oberwil (BL)";2;"vpop_0919";7.9;"A"
"2771";"Oberwil (BL)";2;"dens_pop_19";14;"A"
"2771";"Oberwil (BL)";2;"pop2000";9363;"A"
"2771";"Oberwil (BL)";2;"pop1990";8626;"A"
"2771";"Oberwil (BL)";2;"pop1980";7646;"A"
"2771";"Oberwil (BL)";2;"pop1970";6678;"A"
"2771";"Oberwil (BL)";2;"pop1930";2210;"A"
"4280";"Oftringen";2;"pop2019";14101;"A"
"4280";"Oftringen";2;"pop2009";11988;"A"
"4280";"Oftringen";2;"vpop_0919";17.6;"A"
"4280";"Oftringen";2;"dens_pop_19";11;"A"
"4280";"Oftringen";2;"pop2000";10305;"A"
"4280";"Oftringen";2;"pop1990";9883;"A"
"4280";"Oftringen";2;"pop1980";9006;"A"
"4280";"Oftringen";2;"pop1970";9189;"A"
"4280";"Oftringen";2;"pop1930";4212;"A"
"5822";"Payerne";2;"pop2019";10040;"A"
"5822";"Payerne";2;"pop2009";8370;"A"
"5822";"Payerne";2;"vpop_0919";20;"A"
"5822";"Payerne";2;"dens_pop_19";4;"A"
"5822";"Payerne";2;"pop2000";7294;"A"
"5822";"Payerne";2;"pop1990";7393;"A"
"5822";"Payerne";2;"pop1980";6713;"A"
"5822";"Payerne";2;"pop1970";6899;"A"
"5822";"Payerne";2;"pop1930";4951;"A"
"177";"Pfäffikon";2;"pop2019";12164;"A"
"177";"Pfäffikon";2;"pop2009";10388;"A"
"177";"Pfäffikon";2;"vpop_0919";17.1;"A"
"177";"Pfäffikon";2;"dens_pop_19";6;"A"
"177";"Pfäffikon";2;"pop2000";9592;"A"
"177";"Pfäffikon";2;"pop1990";9182;"A"
"177";"Pfäffikon";2;"pop1980";8306;"A"
"177";"Pfäffikon";2;"pop1970";7586;"A"
"177";"Pfäffikon";2;"pop1930";3811;"A"
"6633";"Plan-les-Ouates";2;"pop2019";10620;"A"
"6633";"Plan-les-Ouates";2;"pop2009";9803;"A"
"6633";"Plan-les-Ouates";2;"vpop_0919";8.3;"A"
"6633";"Plan-les-Ouates";2;"dens_pop_19";18;"A"
"6633";"Plan-les-Ouates";2;"pop2000";6804;"A"
"6633";"Plan-les-Ouates";2;"pop1990";4915;"A"
"6633";"Plan-les-Ouates";2;"pop1980";3647;"A"
"6633";"Plan-les-Ouates";2;"pop1970";3225;"A"
"6633";"Plan-les-Ouates";2;"pop1930";1263;"A"
"5589";"Prilly";2;"pop2019";12413;"A"
"5589";"Prilly";2;"pop2009";11224;"A"
"5589";"Prilly";2;"vpop_0919";10.6;"A"
"5589";"Prilly";2;"dens_pop_19";56;"A"
"5589";"Prilly";2;"pop2000";10955;"A"
"5589";"Prilly";2;"pop1990";11284;"A"
"5589";"Prilly";2;"pop1980";11931;"A"
"5589";"Prilly";2;"pop1970";13352;"A"
"5589";"Prilly";2;"pop1930";3276;"A"
"4258";"Rheinfelden";2;"pop2019";13503;"A"
"4258";"Rheinfelden";2;"pop2009";11596;"A"
"4258";"Rheinfelden";2;"vpop_0919";16.4;"A"
"4258";"Rheinfelden";2;"dens_pop_19";8;"A"
"4258";"Rheinfelden";2;"pop2000";10673;"A"
"4258";"Rheinfelden";2;"pop1990";9761;"A"
"4258";"Rheinfelden";2;"pop1980";9456;"A"
"4258";"Rheinfelden";2;"pop1970";6866;"A"
"4258";"Rheinfelden";2;"pop1930";3827;"A"
"138";"Richterswil";2;"pop2019";13632;"A"
"138";"Richterswil";2;"pop2009";12080;"A"
"138";"Richterswil";2;"vpop_0919";12.8;"A"
"138";"Richterswil";2;"dens_pop_19";18;"A"
"138";"Richterswil";2;"pop2000";10354;"A"
"138";"Richterswil";2;"pop1990";9882;"A"
"138";"Richterswil";2;"pop1980";8672;"A"
"138";"Richterswil";2;"pop1970";7380;"A"
"138";"Richterswil";2;"pop1930";4602;"A"
"1707";"Risch";2;"pop2019";10990;"A"
"1707";"Risch";2;"pop2009";8784;"A"
"1707";"Risch";2;"vpop_0919";25.1;"A"
"1707";"Risch";2;"dens_pop_19";7;"A"
"1707";"Risch";2;"pop2000";7241;"A"
"1707";"Risch";2;"pop1990";5414;"A"
"1707";"Risch";2;"pop1980";3988;"A"
"1707";"Risch";2;"pop1970";3182;"A"
"1707";"Risch";2;"pop1930";1281;"A"
"4436";"Romanshorn";2;"pop2019";11269;"A"
"4436";"Romanshorn";2;"pop2009";9640;"A"
"4436";"Romanshorn";2;"vpop_0919";16.9;"A"
"4436";"Romanshorn";2;"dens_pop_19";13;"A"
"4436";"Romanshorn";2;"pop2000";9076;"A"
"4436";"Romanshorn";2;"pop1990";8899;"A"
"4436";"Romanshorn";2;"pop1980";7893;"A"
"4436";"Romanshorn";2;"pop1970";8329;"A"
"4436";"Romanshorn";2;"pop1930";6095;"A"
"118";"Rüti (ZH)";2;"pop2019";12286;"A"
"118";"Rüti (ZH)";2;"pop2009";11833;"A"
"118";"Rüti (ZH)";2;"vpop_0919";3.8;"A"
"118";"Rüti (ZH)";2;"dens_pop_19";12;"A"
"118";"Rüti (ZH)";2;"pop2000";10804;"A"
"118";"Rüti (ZH)";2;"pop1990";10513;"A"
"118";"Rüti (ZH)";2;"pop1980";9331;"A"
"118";"Rüti (ZH)";2;"pop1970";9546;"A"
"118";"Rüti (ZH)";2;"pop1930";5679;"A"
"1407";"Sarnen";2;"pop2019";10458;"A"
"1407";"Sarnen";2;"pop2009";9891;"A"
"1407";"Sarnen";2;"vpop_0919";5.7;"A"
"1407";"Sarnen";2;"dens_pop_19";1;"A"
"1407";"Sarnen";2;"pop2000";9145;"A"
"1407";"Sarnen";2;"pop1990";8398;"A"
"1407";"Sarnen";2;"pop1980";7372;"A"
"1407";"Sarnen";2;"pop1970";6952;"A"
"1407";"Sarnen";2;"pop1930";5282;"A"
"768";"Spiez";2;"pop2019";12870;"A"
"768";"Spiez";2;"pop2009";12487;"A"
"768";"Spiez";2;"vpop_0919";3.1;"A"
"768";"Spiez";2;"dens_pop_19";8;"A"
"768";"Spiez";2;"pop2000";12027;"A"
"768";"Spiez";2;"pop1990";11182;"A"
"768";"Spiez";2;"pop1980";9800;"A"
"768";"Spiez";2;"pop1970";9911;"A"
"768";"Spiez";2;"pop1930";4992;"A"
"4040";"Spreitenbach";2;"pop2019";12065;"A"
"4040";"Spreitenbach";2;"pop2009";10656;"A"
"4040";"Spreitenbach";2;"vpop_0919";13.2;"A"
"4040";"Spreitenbach";2;"dens_pop_19";14;"A"
"4040";"Spreitenbach";2;"pop2000";9127;"A"
"4040";"Spreitenbach";2;"pop1990";8315;"A"
"4040";"Spreitenbach";2;"pop1980";7198;"A"
"4040";"Spreitenbach";2;"pop1970";5978;"A"
"4040";"Spreitenbach";2;"pop1930";1064;"A"
"158";"Stäfa";2;"pop2019";14718;"A"
"158";"Stäfa";2;"pop2009";13785;"A"
"158";"Stäfa";2;"vpop_0919";6.8;"A"
"158";"Stäfa";2;"dens_pop_19";17;"A"
"158";"Stäfa";2;"pop2000";11567;"A"
"158";"Stäfa";2;"pop1990";10539;"A"
"158";"Stäfa";2;"pop1980";10558;"A"
"158";"Stäfa";2;"pop1970";9937;"A"
"158";"Stäfa";2;"pop1930";4766;"A"
"1708";"Steinhausen";2;"pop2019";10129;"A"
"1708";"Steinhausen";2;"pop2009";8841;"A"
"1708";"Steinhausen";2;"vpop_0919";14.6;"A"
"1708";"Steinhausen";2;"dens_pop_19";20;"A"
"1708";"Steinhausen";2;"pop2000";8801;"A"
"1708";"Steinhausen";2;"pop1990";7207;"A"
"1708";"Steinhausen";2;"pop1980";6082;"A"
"1708";"Steinhausen";2;"pop1970";4138;"A"
"1708";"Steinhausen";2;"pop1930";743;"A"
"4012";"Suhr";2;"pop2019";10476;"A"
"4012";"Suhr";2;"pop2009";9512;"A"
"4012";"Suhr";2;"vpop_0919";10.1;"A"
"4012";"Suhr";2;"dens_pop_19";10;"A"
"4012";"Suhr";2;"pop2000";8451;"A"
"4012";"Suhr";2;"pop1990";8059;"A"
"4012";"Suhr";2;"pop1980";7366;"A"
"4012";"Suhr";2;"pop1970";7223;"A"
"4012";"Suhr";2;"pop1930";2671;"A"
"1103";"Sursee";2;"pop2019";10195;"A"
"1103";"Sursee";2;"pop2009";8892;"A"
"1103";"Sursee";2;"vpop_0919";14.7;"A"
"1103";"Sursee";2;"dens_pop_19";17;"A"
"1103";"Sursee";2;"pop2000";8059;"A"
"1103";"Sursee";2;"pop1990";8143;"A"
"1103";"Sursee";2;"pop1980";7645;"A"
"1103";"Sursee";2;"pop1970";7052;"A"
"1103";"Sursee";2;"pop1930";3465;"A"
"6640";"Thônex";2;"pop2019";14182;"A"
"6640";"Thônex";2;"pop2009";13483;"A"
"6640";"Thônex";2;"vpop_0919";5.2;"A"
"6640";"Thônex";2;"dens_pop_19";37;"A"
"6640";"Thônex";2;"pop2000";12141;"A"
"6640";"Thônex";2;"pop1990";10180;"A"
"6640";"Thônex";2;"pop1980";9241;"A"
"6640";"Thônex";2;"pop1970";6680;"A"
"6640";"Thônex";2;"pop1930";1504;"A"
"3408";"Uzwil";2;"pop2019";13129;"A"
"3408";"Uzwil";2;"pop2009";12538;"A"
"3408";"Uzwil";2;"vpop_0919";4.7;"A"
"3408";"Uzwil";2;"dens_pop_19";9;"A"
"3408";"Uzwil";2;"pop2000";11977;"A"
"3408";"Uzwil";2;"pop1990";10980;"A"
"3408";"Uzwil";2;"pop1980";9614;"A"
"3408";"Uzwil";2;"pop1970";9133;"A"
"3408";"Uzwil";2;"pop1930";6140;"A"
"6644";"Versoix";2;"pop2019";13411;"A"
"6644";"Versoix";2;"pop2009";12947;"A"
"6644";"Versoix";2;"vpop_0919";3.6;"A"
"6644";"Versoix";2;"dens_pop_19";13;"A"
"6644";"Versoix";2;"pop2000";10309;"A"
"6644";"Versoix";2;"pop1990";8604;"A"
"6644";"Versoix";2;"pop1980";7483;"A"
"6644";"Versoix";2;"pop1970";5627;"A"
"6644";"Versoix";2;"pop1930";2211;"A"
"2228";"Villars-sur-Glâne";2;"pop2019";12228;"A"
"2228";"Villars-sur-Glâne";2;"pop2009";10892;"A"
"2228";"Villars-sur-Glâne";2;"vpop_0919";12.3;"A"
"2228";"Villars-sur-Glâne";2;"dens_pop_19";22;"A"
"2228";"Villars-sur-Glâne";2;"pop2000";9339;"A"
"2228";"Villars-sur-Glâne";2;"pop1990";7997;"A"
"2228";"Villars-sur-Glâne";2;"pop1980";5788;"A"
"2228";"Villars-sur-Glâne";2;"pop1970";5214;"A"
"2228";"Villars-sur-Glâne";2;"pop1930";1234;"A"
"4946";"Weinfelden";2;"pop2019";11602;"A"
"4946";"Weinfelden";2;"pop2009";10159;"A"
"4946";"Weinfelden";2;"vpop_0919";14.2;"A"
"4946";"Weinfelden";2;"dens_pop_19";7;"A"
"4946";"Weinfelden";2;"pop2000";9456;"A"
"4946";"Weinfelden";2;"pop1990";9299;"A"
"4946";"Weinfelden";2;"pop1980";9007;"A"
"4946";"Weinfelden";2;"pop1970";8864;"A"
"4946";"Weinfelden";2;"pop1930";4699;"A"
"627";"Worb";2;"pop2019";11479;"A"
"627";"Worb";2;"pop2009";11314;"A"
"627";"Worb";2;"vpop_0919";1.5;"A"
"627";"Worb";2;"dens_pop_19";5;"A"
"627";"Worb";2;"pop2000";10895;"A"
"627";"Worb";2;"pop1990";11604;"A"
"627";"Worb";2;"pop1980";11080;"A"
"627";"Worb";2;"pop1970";9526;"A"
"627";"Worb";2;"pop1930";4527;"A"
"4289";"Zofingen";2;"pop2019";11861;"A"
"4289";"Zofingen";2;"pop2009";10623;"A"
"4289";"Zofingen";2;"vpop_0919";11.7;"A"
"4289";"Zofingen";2;"dens_pop_19";11;"A"
"4289";"Zofingen";2;"pop2000";9432;"A"
"4289";"Zofingen";2;"pop1990";9444;"A"
"4289";"Zofingen";2;"pop1980";9148;"A"
"4289";"Zofingen";2;"pop1970";9680;"A"
"4289";"Zofingen";2;"pop1930";5884;"A"
"361";"Zollikofen";2;"pop2019";10471;"A"
"361";"Zollikofen";2;"pop2009";9690;"A"
"361";"Zollikofen";2;"vpop_0919";8.1;"A"
"361";"Zollikofen";2;"dens_pop_19";19;"A"
"361";"Zollikofen";2;"pop2000";9437;"A"
"361";"Zollikofen";2;"pop1990";9242;"A"
"361";"Zollikofen";2;"pop1980";8717;"A"
"361";"Zollikofen";2;"pop1970";9069;"A"
"361";"Zollikofen";2;"pop1930";2376;"A"
"161";"Zollikon";2;"pop2019";13067;"A"
"161";"Zollikon";2;"pop2009";12049;"A"
"161";"Zollikon";2;"vpop_0919";8.4;"A"
"161";"Zollikon";2;"dens_pop_19";17;"A"
"161";"Zollikon";2;"pop2000";11662;"A"
"161";"Zollikon";2;"pop1990";11406;"A"
"161";"Zollikon";2;"pop1980";12134;"A"
"161";"Zollikon";2;"pop1970";12117;"A"
"161";"Zollikon";2;"pop1930";4472;"A"
"1201";"Altdorf (UR)";1;"pop2019";9537;"A"
"1201";"Altdorf (UR)";1;"pop2009";8700;"A"
"1201";"Altdorf (UR)";1;"vpop_0919";9.6;"A"
"1201";"Altdorf (UR)";1;"dens_pop_19";9;"A"
"1201";"Altdorf (UR)";1;"pop2000";8541;"A"
"1201";"Altdorf (UR)";1;"pop1990";8282;"A"
"1201";"Altdorf (UR)";1;"pop1980";8230;"A"
"1201";"Altdorf (UR)";1;"pop1970";8647;"A"
"1201";"Altdorf (UR)";1;"pop1930";4240;"A"
"3101";"Appenzell";1;"pop2019";5778;"A"
"3101";"Appenzell";1;"pop2009";5801;"A"
"3101";"Appenzell";1;"vpop_0919";-0.4;"A"
"3101";"Appenzell";1;"dens_pop_19";3;"A"
"3101";"Appenzell";1;"pop2000";5447;"A"
"3101";"Appenzell";1;"pop1990";5194;"A"
"3101";"Appenzell";1;"pop1980";4781;"A"
"3101";"Appenzell";1;"pop1970";5217;"A"
"3101";"Appenzell";1;"pop1930";4893;"A"
"2763";"Arlesheim";1;"pop2019";9158;"A"
"2763";"Arlesheim";1;"pop2009";8933;"A"
"2763";"Arlesheim";1;"vpop_0919";2.5;"A"
"2763";"Arlesheim";1;"dens_pop_19";13;"A"
"2763";"Arlesheim";1;"pop2000";8628;"A"
"2763";"Arlesheim";1;"pop1990";8293;"A"
"2763";"Arlesheim";1;"pop1980";8224;"A"
"2763";"Arlesheim";1;"pop1970";8038;"A"
"2763";"Arlesheim";1;"pop1930";3228;"A"
"3921";"Arosa";1;"pop2019";3145;"A"
"3921";"Arosa";1;"pop2009";3369;"A"
"3921";"Arosa";1;"vpop_0919";-6.6;"A"
"3921";"Arosa";1;"dens_pop_19";;"N"
"3921";"Arosa";1;"pop2000";3909;"A"
"3921";"Arosa";1;"pop1990";3322;"A"
"3921";"Arosa";1;"pop1980";3728;"A"
"3921";"Arosa";1;"pop1970";3744;"A"
"3921";"Arosa";1;"pop1930";4546;"A"
"5624";"Bussigny";1;"pop2019";8930;"A"
"5624";"Bussigny";1;"pop2009";8045;"A"
"5624";"Bussigny";1;"vpop_0919";11;"A"
"5624";"Bussigny";1;"dens_pop_19";19;"A"
"5624";"Bussigny";1;"pop2000";7498;"A"
"5624";"Bussigny";1;"pop1990";6806;"A"
"5624";"Bussigny";1;"pop1980";4909;"A"
"5624";"Bussigny";1;"pop1970";4509;"A"
"5624";"Bussigny";1;"pop1930";1471;"A"
"5250";"Chiasso";1;"pop2019";7759;"A"
"5250";"Chiasso";1;"pop2009";7763;"A"
"5250";"Chiasso";1;"vpop_0919";-0.1;"A"
"5250";"Chiasso";1;"dens_pop_19";15;"A"
"5250";"Chiasso";1;"pop2000";7720;"A"
"5250";"Chiasso";1;"pop1990";8212;"A"
"5250";"Chiasso";1;"pop1980";8583;"A"
"5250";"Chiasso";1;"pop1970";9326;"A"
"5250";"Chiasso";1;"pop1930";6625;"A"
"5583";"Crissier";1;"pop2019";7965;"A"
"5583";"Crissier";1;"pop2009";6950;"A"
"5583";"Crissier";1;"vpop_0919";14.6;"A"
"5583";"Crissier";1;"dens_pop_19";14;"A"
"5583";"Crissier";1;"pop2000";6577;"A"
"5583";"Crissier";1;"pop1990";5878;"A"
"5583";"Crissier";1;"pop1980";4707;"A"
"5583";"Crissier";1;"pop1970";4592;"A"
"5583";"Crissier";1;"pop1930";1670;"A"
"581";"Interlaken";1;"pop2019";5634;"A"
"581";"Interlaken";1;"pop2009";5389;"A"
"581";"Interlaken";1;"vpop_0919";4.5;"A"
"581";"Interlaken";1;"dens_pop_19";13;"A"
"581";"Interlaken";1;"pop2000";5119;"A"
"581";"Interlaken";1;"pop1990";5176;"A"
"581";"Interlaken";1;"pop1980";4852;"A"
"581";"Interlaken";1;"pop1970";4735;"A"
"581";"Interlaken";1;"pop1930";3771;"A"
"723";"La Neuveville";1;"pop2019";3756;"A"
"723";"La Neuveville";1;"pop2009";3494;"A"
"723";"La Neuveville";1;"vpop_0919";7.5;"A"
"723";"La Neuveville";1;"dens_pop_19";6;"A"
"723";"La Neuveville";1;"pop2000";3445;"A"
"723";"La Neuveville";1;"pop1990";3324;"A"
"723";"La Neuveville";1;"pop1980";3519;"A"
"723";"La Neuveville";1;"pop1970";3917;"A"
"723";"La Neuveville";1;"pop1930";2535;"A"
"700";"Moutier";1;"pop2019";7385;"A"
"700";"Moutier";1;"pop2009";7539;"A"
"700";"Moutier";1;"vpop_0919";-2;"A"
"700";"Moutier";1;"dens_pop_19";4;"A"
"700";"Moutier";1;"pop2000";7701;"A"
"700";"Moutier";1;"pop1990";7860;"A"
"700";"Moutier";1;"pop1980";7959;"A"
"700";"Moutier";1;"pop1970";8794;"A"
"700";"Moutier";1;"pop1930";4704;"A"
"2275";"Murten";1;"pop2019";8259;"A"
"2275";"Murten";1;"pop2009";7650;"A"
"2275";"Murten";1;"vpop_0919";8;"A"
"2275";"Murten";1;"dens_pop_19";3;"A"
"2275";"Murten";1;"pop2000";6965;"A"
"2275";"Murten";1;"pop1990";5863;"A"
"2275";"Murten";1;"pop1980";5654;"A"
"2275";"Murten";1;"pop1970";5562;"A"
"2275";"Murten";1;"pop1930";3741;"A"
"6412";"Peseux";1;"pop2019";5794;"A"
"6412";"Peseux";1;"pop2009";5758;"A"
"6412";"Peseux";1;"vpop_0919";0.6;"A"
"6412";"Peseux";1;"dens_pop_19";17;"A"
"6412";"Peseux";1;"pop2000";5387;"A"
"6412";"Peseux";1;"pop1990";5139;"A"
"6412";"Peseux";1;"pop1980";5212;"A"
"6412";"Peseux";1;"pop1970";5578;"A"
"6412";"Peseux";1;"pop1930";2694;"A"
"6800";"Porrentruy";1;"pop2019";6563;"A"
"6800";"Porrentruy";1;"pop2009";6656;"A"
"6800";"Porrentruy";1;"vpop_0919";-1.4;"A"
"6800";"Porrentruy";1;"dens_pop_19";4;"A"
"6800";"Porrentruy";1;"pop2000";6753;"A"
"6800";"Porrentruy";1;"pop1990";6857;"A"
"6800";"Porrentruy";1;"pop1980";7039;"A"
"6800";"Porrentruy";1;"pop1970";7827;"A"
"6800";"Porrentruy";1;"pop1930";5805;"A"
"3215";"Rorschach";1;"pop2019";9438;"A"
"3215";"Rorschach";1;"pop2009";8817;"A"
"3215";"Rorschach";1;"vpop_0919";7;"A"
"3215";"Rorschach";1;"dens_pop_19";53;"A"
"3215";"Rorschach";1;"pop2000";8647;"A"
"3215";"Rorschach";1;"pop1990";9535;"A"
"3215";"Rorschach";1;"pop1980";9878;"A"
"3215";"Rorschach";1;"pop1970";11963;"A"
"3215";"Rorschach";1;"pop1930";11005;"A"
"3787";"St. Moritz";1;"pop2019";4882;"A"
"3787";"St. Moritz";1;"pop2009";5175;"A"
"3787";"St. Moritz";1;"vpop_0919";-5.7;"A"
"3787";"St. Moritz";1;"dens_pop_19";2;"A"
"3787";"St. Moritz";1;"pop2000";5589;"A"
"3787";"St. Moritz";1;"pop1990";5426;"A"
"3787";"St. Moritz";1;"pop1980";5900;"A"
"3787";"St. Moritz";1;"pop1970";5699;"A"
"3787";"St. Moritz";1;"pop1930";3968;"A"
"1509";"Stans";1;"pop2019";8254;"A"
"1509";"Stans";1;"pop2009";7809;"A"
"1509";"Stans";1;"vpop_0919";5.7;"A"
"1509";"Stans";1;"dens_pop_19";7;"A"
"1509";"Stans";1;"pop2000";6983;"A"
"1509";"Stans";1;"pop1990";6217;"A"
"1509";"Stans";1;"pop1980";5681;"A"
"1509";"Stans";1;"pop1970";5180;"A"
"1509";"Stans";1;"pop1930";2916;"A"
"250";"Urdorf";1;"pop2019";9981;"A"
"250";"Urdorf";1;"pop2009";9094;"A"
"250";"Urdorf";1;"vpop_0919";9.8;"A"
"250";"Urdorf";1;"dens_pop_19";13;"A"
"250";"Urdorf";1;"pop2000";9417;"A"
"250";"Urdorf";1;"pop1990";8339;"A"
"250";"Urdorf";1;"pop1980";8589;"A"
"250";"Urdorf";1;"pop1970";7960;"A"
"250";"Urdorf";1;"pop1930";1215;"A"
"6297";"Visp";1;"pop2019";7978;"A"
"6297";"Visp";1;"pop2009";6842;"A"
"6297";"Visp";1;"vpop_0919";16.6;"A"
"6297";"Visp";1;"dens_pop_19";6;"A"
"6297";"Visp";1;"pop2000";6550;"A"
"6297";"Visp";1;"pop1990";6234;"A"
"6297";"Visp";1;"pop1980";6383;"A"
"6297";"Visp";1;"pop1970";5698;"A"
"6297";"Visp";1;"pop1930";2321;"A"
"6300";"Zermatt";1;"pop2019";5765;"A"
"6300";"Zermatt";1;"pop2009";5828;"A"
"6300";"Zermatt";1;"vpop_0919";-1.1;"A"
"6300";"Zermatt";1;"dens_pop_19";;"N"
"6300";"Zermatt";1;"pop2000";5988;"A"
"6300";"Zermatt";1;"pop1990";4225;"A"
"6300";"Zermatt";1;"pop1980";3548;"A"
"6300";"Zermatt";1;"pop1970";3101;"A"
"6300";"Zermatt";1;"pop1930";962;"A"
"2534";"Zuchwil";1;"pop2019";9041;"A"
"2534";"Zuchwil";1;"pop2009";8751;"A"
"2534";"Zuchwil";1;"vpop_0919";3.3;"A"
"2534";"Zuchwil";1;"dens_pop_19";20;"A"
"2534";"Zuchwil";1;"pop2000";8922;"A"
"2534";"Zuchwil";1;"pop1990";9063;"A"
"2534";"Zuchwil";1;"pop1980";8223;"A"
"2534";"Zuchwil";1;"pop1970";8637;"A"
"2534";"Zuchwil";1;"pop1930";2795;"A"
